simulation,wait,supply,Q,tat,c,f,T,L,wait_exit,Q_exit,f_exit,L_exit,kinetics,testing,isolation,TE,ascertainment,n_tests_dx,R_no_testing,R_testing,R_post_exit,n_tests_exit,T_isolation
7cfb9ceb309e66087eab468f89f30ca67a903fa2d0db64de21a5380344dfde55,0,3,1,0,1.0,0.05,40,5.38,40,1,0.05,6,kinetics_flu,test_post_symptoms,fixed,0.6045417351493232,0.9674,1.4446,5.548442305307977,2.1941773666811812,0.0,0.0,40.0
50a3b90112a055e85deb3de70e94e3637c83a4cd7993534d1f0bb1a30fa2108d,1,3,1,0,1.0,0.05,40,5.38,40,1,0.05,6,kinetics_flu,test_post_symptoms,fixed,0.31876205914238076,0.7363,1.5641,5.544266704970784,3.7769648336597546,0.0,0.0,40.0
6d55563a703a3455172cebf524bf4383ac6acb4a8a41688d77472fa45c551789,2,3,1,0,1.0,0.05,40,5.38,40,1,0.05,6,kinetics_flu,test_post_symptoms,fixed,0.063345848363355,0.26539999999999997,2.47,5.535343679636924,5.184702638267588,0.0,0.0,40.0
