simulation,wait,supply,Q,tat,c,f,T,L,wait_exit,Q_exit,f_exit,L_exit,kinetics,testing,isolation,TE,ascertainment,n_tests_dx,R_no_testing,R_testing,R_post_exit,n_tests_exit,T_isolation
107514b4a7b4ec521ce872d8101a050fdb211640d638a8e97ac7e15e19e1fc4c,0,2,1,0,1.0,0.05,40,2.8,40,1,0.05,6,kinetics_rsv,test_post_symptoms,fixed,0.47638303863701703,0.9973,1.0535,11.981040242538205,6.273475885765471,0.0,0.0,40.0
5f09fe496e1feec531db15aec885e113368042b5672fadafcd65e0d6959003cd,0,2,1,0,0.5,0.05,40,2.8,40,1,0.05,6,kinetics_rsv,test_post_symptoms,fixed,0.29595784411508197,0.7168,0.7538,12.096666984943587,8.516563503101594,0.0,0.0,40.0
1355530f54516bade70c8700d8d22b3a7575902cbaad3e534d332118707cd290,0,1,3,0,0.75,0.05,40,2.8,40,1,0.05,6,kinetics_rsv,test_post_symptoms,fixed,0.21470822209966822,0.7091000000000001,0.7525,12.104917922881851,9.50589251699748,0.0,0.0,40.0
54ccfd66ccb1d21e3e15ae8b016ab1a98b4a1163d206cc11925bd52ae115c1f2,0,2,1,0,0.75,0.05,40,2.8,40,1,0.05,6,kinetics_rsv,test_post_symptoms,fixed,0.40704925742349474,0.9198,0.97,12.060770081719262,7.151442575999934,0.0,0.0,40.0
